<?xml version="1.0" encoding="UTF-8"?>
<metadata modelVersion="1.1.0">
  <groupId>cn.newcapec.foundation</groupId>
  <artifactId>cn.newcapec.foundation.privilege</artifactId>
  <version>1.0.0-SNAPSHOT</version>
  <versioning>
    <snapshot>
      <timestamp>20140102.065107</timestamp>
      <buildNumber>4</buildNumber>
    </snapshot>
    <lastUpdated>20140102065107</lastUpdated>
    <snapshotVersions>
      <snapshotVersion>
        <extension>war</extension>
        <value>1.0.0-20140102.065107-4</value>
        <updated>20140102065107</updated>
      </snapshotVersion>
      <snapshotVersion>
        <extension>pom</extension>
        <value>1.0.0-20140102.065107-4</value>
        <updated>20140102065107</updated>
      </snapshotVersion>
      <snapshotVersion>
        <classifier>classes</classifier>
        <extension>jar</extension>
        <value>1.0.0-20140102.065107-4</value>
        <updated>20140102065107</updated>
      </snapshotVersion>
    </snapshotVersions>
  </versioning>
</metadata>
