<?xml version="1.0" encoding="UTF-8"?>
<beans xmlns="http://www.springframework.org/schema/beans"
	xmlns:xsi="http://www.w3.org/2001/XMLSchema-instance" xmlns:jee="http://www.springframework.org/schema/jee"
	xmlns:tx="http://www.springframework.org/schema/tx" xmlns:context="http://www.springframework.org/schema/context"
	xmlns:aop="http://www.springframework.org/schema/aop" xmlns:mvc="http://www.springframework.org/schema/mvc"
	xsi:schemaLocation="http://www.springframework.org/schema/beans 
	http://www.springframework.org/schema/beans/spring-beans-2.5.xsd 
	http://www.springframework.org/schema/tx 
	http://www.springframework.org/schema/tx/spring-tx-2.5.xsd 
	http://www.springframework.org/schema/jee 
	http://www.springframework.org/schema/jee/spring-jee-2.5.xsd 
	http://www.springframework.org/schema/aop 
	http://www.springframework.org/schema/aop/spring-aop-2.5.xsd 
	 http://www.springframework.org/schema/mvc   
       http://www.springframework.org/schema/mvc/spring-mvc-3.0.xsd
	http://www.springframework.org/schema/context 
	http://www.springframework.org/schema/context/spring-context-2.5.xsd">
	<!-- default-lazy-init="true" default-autowire="byName"> -->

	<description>Spring mvc 基础配置</description>


	<!-- scripts资源文件配置 -->
	<mvc:resources mapping="scripts/**" location="classpath:views/scripts/**" />
	<!-- styles资源文件配置 -->
	<mvc:resources mapping="styles/**" location="classpath:views/styles/**" />

	<!-- 映射地址和视图展示 -->
	<bean id="portalUrlMapping" class="cn.newcapec.framework.core.handler.ConfigurationRead">
		<constructor-arg>
			<list>
				<value>classpath:config/cn/newcapec/foundation/portal/controller-conf/portalUrlMapping.properties</value>
				<value>classpath:config/cn/newcapec/foundation/portal/restlet-conf/restletUrlMapping.properties</value>
			</list>
		</constructor-arg>
	</bean>


	<!-- 异常类的处理handle -->
	<bean class="cn.newcapec.framework.core.handler.SystemExceptionHandler" />

	<mvc:interceptors>
		<bean
			class="cn.newcapec.framework.core.handler.NspApplicationContextInterceptor" />
	
	</mvc:interceptors>




	<bean id="stringHttpMessageConverter"
		class="org.springframework.http.converter.StringHttpMessageConverter">
		<property name="supportedMediaTypes">
			<list>
				<value>text/plain;charset=UTF-8</value>
			</list>
		</property>
	</bean>

	<bean id="mappingJacksonHttpMessageConverter"
		class="org.springframework.http.converter.json.MappingJacksonHttpMessageConverter">
		<property name="supportedMediaTypes">
			<list>
				<value>text/html;charset=UTF-8</value>
			</list>
		</property>
	</bean>

	<bean
		class="org.springframework.web.servlet.mvc.method.annotation.RequestMappingHandlerAdapter">
		<property name="customArgumentResolvers">
			<list>
				<bean
					class="cn.newcapec.framework.core.handler.method.annotation.RequestJsonParamMethodArgumentResolver" />
				<bean
					class="cn.newcapec.framework.core.handler.method.annotation.FormModelMethodArgumentResolver" />
			</list>
		</property>
	</bean>

	<!-- 初始化参数 -->
	<bean id="multiViewHandlerInterceptor" class="cn.newcapec.framework.core.handler.MultiViewHandlerInterceptor" />

	<bean
		class="org.springframework.web.servlet.view.ContentNegotiatingViewResolver">
		<property name="mediaTypes">
			<map>
				<entry key="xml" value="application/xml" />
				<entry key="html" value="text/html" />
				<entry key="json" value="application/json" />
			</map>
		</property>
		<property name="viewResolvers">
			<list>
				<ref bean="velocityViewResolver" />
				<ref bean="jspViewResolver" />
			</list>
		</property>

		<property name="defaultViews">
			<list>
				<bean
					class="org.springframework.web.servlet.view.json.MappingJacksonJsonView" />
			</list>
		</property>
	</bean>


	<!-- velocity视图解析器 -->
	<bean id="velocityViewResolver"
		class="org.springframework.web.servlet.view.velocity.VelocityViewResolver">
		<property name="prefix" value="views/pages/"/>
		<property name="suffix" value=".html" />
		<property name="order" value="1"></property>
		<property name="exposeSpringMacroHelpers" value="true" />
		<property name="contentType" value="text/html;charset=utf-8" />
		<property name="exposeSessionAttributes" value="true"></property>
		<property name="dateToolAttribute" value="dateTool"></property>
		<!--<property name="numberToolAttribute" value="numberTool"></property>-->
	</bean>

	<!-- velocity环境配置 -->
	<bean id="velocityConfig"
		class="org.springframework.web.servlet.view.velocity.VelocityConfigurer">
		<property name="velocityProperties">
			<props>
				<prop key="input.encoding">UTF-8</prop>
				<prop key="output.encoding">UTF-8</prop>
			</props>
		</property>
		<property name="resourceLoaderPath">
			<value>classpath:views/pages</value>
		</property>
		<property name="configLocation">
			<value>classpath:config/velocity/velocity.properties</value>
		</property>
	</bean>

	<!-- jsp视图解析器
       -->
	<bean id="jspViewResolver"
		class="org.springframework.web.servlet.view.InternalResourceViewResolver">
		<property name="viewClass"
			value="org.springframework.web.servlet.view.JstlView" />
		<property name="prefix" value="/WEB-INF/page/" />
		<property name="suffix" value=".jsp" />
		<property name="order" value="2"></property>
	</bean>


</beans>