<?xml version="1.0" encoding="UTF-8"?>
<memcached>
    
    
    <client name="mclient0" compressEnable="true" defaultEncoding="UTF-8" socketpool="pool0">
        <errorHandler>cn.newcapec.framework.extension.cache.memoryCache.memcached.MemcachedErrorHandler</errorHandler>
    </client>
    
    <client name="mclient1" compressEnable="true" defaultEncoding="UTF-8" socketpool="pool1">
        <errorHandler>cn.newcapec.framework.extension.cache.memcached.MemcachedErrorHandler</errorHandler>
    </client>   
    
    <socketpool name="pool0" failover="true" initConn="5" minConn="5" maxConn="250" maintSleep="0"
        nagle="false" socketTO="3000" aliveCheck="true">
        <servers>ip:端口</servers>
    </socketpool> 
    
    <socketpool name="pool1" failover="true" initConn="5" minConn="5" maxConn="250" maintSleep="0"
        nagle="false" socketTO="3000" aliveCheck="true">
        <servers>ip:端口</servers>
    </socketpool> 
    
    <cluster name="cluster1" mode="active">//mode = active,standby
        <memCachedClients>mclient0</memCachedClients>
    </cluster>
    
    <cluster name="cluster2" mode="standby">//mode = active,standby
        <memCachedClients>mclient1</memCachedClients>
    </cluster>
    
</memcached>
