<?xml version="1.0" encoding="UTF-8"?>
<memcached>
    
    
    <client name="mclient3" compressEnable="true" defaultEncoding="UTF-8" socketpool="pool3">
        <errorHandler>cn.newcapec.framework.extension.cache.memoryCache.memcached.MemcachedErrorHandler</errorHandler>
    </client>
    
    <client name="mclient4" compressEnable="true" defaultEncoding="UTF-8" socketpool="pool4">
        <errorHandler>cn.newcapec.framework.extension.cache.memcached.MemcachedErrorHandler</errorHandler>
    </client>   
    
    <socketpool name="pool3" failover="true" initConn="5" minConn="5" maxConn="250" maintSleep="0"
        nagle="false" socketTO="3000" aliveCheck="true">
        <servers>192.168.0.252:11212</servers>
    </socketpool> 
    
    
    <cluster name="cluster1" mode="active">//mode = active,standby
        <memCachedClients>mclient1,mclient2</memCachedClients>
    </cluster>
    
    <cluster name="cluster2" mode="standby">//mode = active,standby
        <memCachedClients>mclient3,mclient4</memCachedClients>
    </cluster>
    
</memcached>
