<?xml version="1.0" encoding="UTF-8"?>

<beans xmlns="http://www.springframework.org/schema/beans"
	xmlns:xsi="http://www.w3.org/2001/XMLSchema-instance" xmlns:util="http://www.springframework.org/schema/util"
	xsi:schemaLocation="http://www.springframework.org/schema/beans http://www.springframework.org/schema/beans/spring-beans-2.5.xsd">

	<bean id="jcxxglRoute" class="org.restlet.ext.spring.SpringRouter">
		<property name="attachments">
			<map>
			
				<entry key="/schoolInfo/{method}">
					<bean class="org.restlet.ext.spring.SpringFinder">
						<lookup-method name="createResource" bean="schoolInfo"/>
					</bean>
				</entry>
<!-- 				基础信息管理资源  -->
<!-- 				<entry key="/user/{method}"> -->
<!-- 					<bean class="org.restlet.ext.spring.SpringFinder"> -->
<!-- 					<lookup-method name="createResource" bean="userResource" /> -->
<!-- 					</bean> -->
<!-- 				</entry> -->

			</map>
		</property>
	</bean>
</beans>
