<?xml version="1.0" encoding="UTF-8"?>
<beans xmlns="http://www.springframework.org/schema/beans"
	xmlns:xsi="http://www.w3.org/2001/XMLSchema-instance" xmlns:jee="http://www.springframework.org/schema/jee"
	xmlns:tx="http://www.springframework.org/schema/tx" xmlns:context="http://www.springframework.org/schema/context"
	xmlns:aop="http://www.springframework.org/schema/aop" xmlns:mvc="http://www.springframework.org/schema/mvc"
	xsi:schemaLocation="http://www.springframework.org/schema/beans 
	http://www.springframework.org/schema/beans/spring-beans-2.5.xsd 
	http://www.springframework.org/schema/tx 
	http://www.springframework.org/schema/tx/spring-tx-2.5.xsd 
	http://www.springframework.org/schema/jee 
	http://www.springframework.org/schema/jee/spring-jee-2.5.xsd 
	http://www.springframework.org/schema/aop 
	http://www.springframework.org/schema/aop/spring-aop-2.5.xsd 
	 http://www.springframework.org/schema/mvc   
       http://www.springframework.org/schema/mvc/spring-mvc-3.0.xsd
	http://www.springframework.org/schema/context 
	http://www.springframework.org/schema/context/spring-context-2.5.xsd">
	<!-- default-lazy-init="true" default-autowire="byName"> -->

	<description>Spring配置</description>


	<!-- 使用annotation 自动注册bean,并检查@Required,@Autowired的属性已被注入 -->
	<context:component-scan base-package="cn.newcapec" />
	
	<bean id="portalUrlMapping" class="cn.newcapec.framework.core.handler.ConfigurationRead">
		 <constructor-arg >  
		 <list>
		 		<value>config/cn/newcapec/foundation/portal/controller-conf/portalUrlMapping.properties</value>
		 		<value>config/cn/newcapec/foundation/portal/restlet-conf/restletUrlMapping.properties</value>
		 </list>
		 </constructor-arg>
	</bean>
	
	
	<bean
		class="org.springframework.web.servlet.mvc.annotation.AnnotationMethodHandlerAdapter">
		 <property name="webBindingInitializer">
    	    <bean class="cn.newcapec.framework.core.handler.springDatebind.SpringDateBind" />
	    </property>
		
		<property name="messageConverters">
			<list>
				<ref bean="stringHttpMessageConverter"/>
				<ref bean="mappingJacksonHttpMessageConverter"/>
			</list>
		</property>
	</bean>
	
 		<bean id="stringHttpMessageConverter" class="org.springframework.http.converter.StringHttpMessageConverter">
			<property name="supportedMediaTypes">
				<list>
					<value>text/plain;charset=UTF-8</value>
				</list>
			</property>
		</bean>
		
		<bean id="mappingJacksonHttpMessageConverter" class="org.springframework.http.converter.json.MappingJacksonHttpMessageConverter">  
			<property name="supportedMediaTypes">  
				<list>  
					<value>text/html;charset=UTF-8</value>  
				</list>  
			</property>  
		</bean>
	
	<bean class="org.springframework.web.servlet.mvc.method.annotation.RequestMappingHandlerAdapter">   
         <property name="customArgumentResolvers">  
            <list>  
              <bean class="cn.newcapec.framework.core.handler.method.annotation.RequestJsonParamMethodArgumentResolver"/>  
    		 <bean class="cn.newcapec.framework.core.handler.method.annotation.FormModelMethodArgumentResolver"/>  
            </list>  
         </property>  
     </bean> 
	
	<bean id="multiViewHandlerInterceptor" class="cn.newcapec.framework.core.handler.MultiViewHandlerInterceptor">
	</bean>
	
	<bean
		class="org.springframework.web.servlet.mvc.annotation.DefaultAnnotationHandlerMapping" >
		<property name="interceptors">
			<ref bean="multiViewHandlerInterceptor"/>
		</property>
	</bean>
	
	
	<bean class="org.springframework.web.servlet.mvc.support.ControllerClassNameHandlerMapping">
	</bean>  

	<bean
			class="org.springframework.web.servlet.view.ContentNegotiatingViewResolver">
			<property name="mediaTypes">
				<map>
					<entry key="xml" value="application/xml" />
					<entry key="html" value="text/html" />
					<entry key="json" value="application/json" />
				</map>
			</property>
			<property name="viewResolvers">
				<list>
					<bean class="org.springframework.web.servlet.view.BeanNameViewResolver" />
					<bean id="viewResolver"
						class="org.springframework.web.servlet.view.InternalResourceViewResolver">
						<property name="viewClass"
							value="org.springframework.web.servlet.view.JstlView" />
						<property name="prefix" value="/WEB-INF/pages/" />
						<property name="suffix" value=".jsp" />
					</bean>
				</list>
			</property>
		 
			<property name="defaultViews">
				<list>
					<bean
						class="org.springframework.web.servlet.view.json.MappingJacksonJsonView" />
				</list>
			</property>
	</bean>
	
	<!-- 异常类的处理handle -->
	<bean class="cn.newcapec.framework.core.handler.SystemExceptionHandler" />
</beans>